1617394030.000000, 1617394030.000000, 1617394030.000000
32.000000, 32.000000, 32.000000
15,-62,11
15,-63,12
15,-64,12
14,-64,10
12,-62,9
11,-58,9
13,-59,10
15,-61,12
16,-63,12
17,-64,12
16,-65,12
15,-64,10
13,-63,9
11,-61,7
10,-61,7
11,-62,8
10,-62,9
12,-63,10
13,-62,10
14,-62,10
15,-63,10
15,-63,10
14,-62,10
13,-62,9
12,-61,9
12,-62,8
13,-62,9
14,-61,10
15,-62,10
15,-63,9
14,-63,9
13,-63,9
12,-62,9
12,-61,10
13,-61,9
15,-62,10
15,-62,10
15,-62,10
15,-63,10
15,-62,10
15,-62,10
15,-63,11
15,-63,10
14,-61,9
15,-61,10
15,-61,9
14,-61,9
15,-62,11
15,-62,11
15,-62,10
15,-61,10
15,-61,10
15,-62,10
15,-62,10
14,-62,10
14,-62,10
14,-62,10
14,-62,10
15,-62,10
15,-62,10
15,-62,10
15,-62,10
14,-62,10
14,-62,10
14,-62,10
15,-62,10
15,-62,10
15,-62,10
15,-62,10
14,-62,10
15,-62,10
15,-62,10
15,-62,9
14,-62,10
14,-62,9
14,-62,9
14,-62,10
15,-62,10
15,-62,10
15,-62,10
14,-62,10
14,-62,10
14,-62,10
15,-62,10
14,-62,9
15,-62,10
14,-62,9
14,-62,9
14,-62,10
14,-62,9
14,-62,9
15,-62,10
14,-62,9
14,-62,10
15,-62,10
15,-62,10
15,-62,9
15,-62,10
14,-62,9
14,-62,9
14,-62,9
14,-62,10
15,-62,10
15,-62,10
15,-62,10
15,-62,10
15,-62,9
15,-62,10
14,-62,10
14,-62,10
14,-62,10
14,-62,9
14,-62,10
15,-62,10
15,-62,10
14,-62,10
14,-62,9
14,-62,10
14,-62,10
14,-62,9
15,-62,10
15,-62,10
14,-62,10
14,-64,11
14,-62,9
14,-61,8
13,-60,8
14,-62,9
15,-63,11
15,-61,11
15,-62,11
14,-62,10
14,-62,9
14,-62,9
14,-62,9
14,-62,9
15,-62,10
14,-62,10
13,-64,9
13,-62,8
13,-60,9
15,-60,9
16,-60,10
17,-62,11
17,-63,11
18,-63,11
16,-62,10
15,-62,9
14,-63,9
14,-62,9
13,-62,8
13,-63,8
13,-63,8
13,-63,8
14,-63,8
14,-63,8
14,-62,8
13,-62,8
13,-63,8
14,-62,8
13,-63,8
13,-62,8
13,-62,8
13,-63,8
13,-62,8
13,-62,8
13,-62,9
13,-62,8
13,-63,9
14,-63,9
14,-62,9
14,-62,9
14,-62,9
14,-62,9
14,-62,9
14,-62,9
14,-62,9
14,-62,9
14,-62,9
14,-62,9
14,-62,9
14,-62,9
13,-62,9
14,-62,9
14,-62,9
14,-62,10
14,-63,10
13,-62,9
14,-62,9
14,-62,9
14,-62,9
14,-62,9
14,-62,9
14,-62,9
14,-62,9
14,-63,9
13,-62,9
14,-61,9
14,-62,9
15,-61,9
16,-63,9
16,-64,10
14,-64,10
14,-64,9
12,-62,8
11,-62,8
12,-62,7
13,-62,8
13,-63,9
14,-63,10
15,-62,10
15,-62,10
16,-62,10
16,-62,10
16,-62,10
15,-62,10
15,-62,9
15,-62,10
14,-62,10
14,-62,9
14,-62,9
14,-62,9
14,-62,9
15,-62,10
14,-62,9
14,-63,9
14,-62,9
14,-62,9
13,-62,9
14,-62,9
14,-63,9
14,-62,9
14,-63,9
14,-62,9
14,-63,8
13,-63,8
14,-63,8
14,-63,10
14,-63,8
14,-62,9
14,-62,9
15,-62,9
14,-63,9
13,-62,8
12,-62,8
12,-61,8
14,-61,9
16,-62,9
16,-62,9
16,-62,9
16,-62,9
14,-62,8
13,-63,8
13,-63,9
12,-63,9
12,-62,8
13,-61,8
15,-61,7
15,-62,9
16,-64,11
16,-63,12
16,-62,11
16,-61,10
16,-61,9
16,-63,9
15,-62,8
13,-63,8
12,-63,7
11,-62,6
11,-63,6
12,-64,6
16,-62,10
16,-61,12
18,-62,11
16,-62,7
15,-61,7
16,-62,7
15,-63,7
14,-64,8
13,-64,6
13,-63,6
13,-62,5
14,-62,5
12,-62,5
13,-60,5
14,-61,5
14,-61,6
16,-62,6
16,-63,7
17,-64,6
17,-64,4
15,-64,2
13,-63,3
12,-61,6
14,-61,4
15,-61,5
16,-62,4
16,-63,4
15,-64,4
15,-64,4
15,-63,5
15,-63,6
15,-63,6
16,-62,5
16,-62,5
15,-62,4
15,-62,4
16,-62,5
16,-62,5
15,-62,6
15,-62,6
15,-62,6
16,-61,6
16,-62,5
16,-62,6
16,-62,5
16,-62,6
16,-62,7
16,-62,6
16,-62,6
16,-62,5
15,-62,5
16,-62,6
17,-63,7
17,-63,6
17,-63,6
17,-62,7
16,-62,6
16,-63,5
15,-63,5
15,-62,4
13,-62,4
13,-63,3
13,-61,3
13,-61,4
15,-62,6
17,-62,7
19,-62,7
19,-62,7
19,-63,7
18,-62,7
18,-61,6
17,-62,7
15,-62,5
15,-62,5
14,-61,4
14,-61,4
16,-62,4
18,-64,5
17,-65,4
15,-65,4
13,-65,4
12,-63,4
12,-60,4
12,-59,4
16,-60,5
18,-61,5
18,-62,5
19,-64,7
20,-64,7
19,-66,6
17,-66,6
11,-62,4
9,-60,3
10,-57,0
13,-61,1
12,-61,0
13,-64,5
15,-64,6
16,-62,4
14,-64,2
15,-65,4
15,-66,7
14,-65,9
12,-63,9
15,-60,5
15,-60,5
17,-60,5
20,-61,6
22,-61,6
23,-62,7
22,-62,8
18,-62,7
15,-63,6
11,-61,5
12,-61,3
13,-62,5
16,-62,7
18,-65,7
19,-66,8
18,-64,8
14,-61,6
14,-60,6
15,-61,7
15,-61,8
17,-62,8
19,-63,9
19,-61,8
18,-61,7
18,-62,7
16,-62,7
14,-63,6
12,-63,5
11,-63,5
8,-62,5
8,-62,5
8,-62,4
9,-62,5
12,-62,5
17,-62,7
20,-62,8
20,-62,11
20,-62,12
20,-61,12
20,-62,11
19,-61,10
17,-62,9
14,-62,7
14,-62,7
13,-62,7
13,-62,7
14,-61,6
14,-62,6
15,-61,6
16,-61,8
16,-62,9
16,-63,8
16,-62,8
14,-62,6
13,-62,6
12,-63,6
13,-64,7
13,-64,7
14,-64,7
15,-64,7
15,-63,7
15,-61,7
16,-60,8
18,-61,9
19,-63,9
18,-64,9
17,-65,9
16,-64,8
13,-63,8
11,-61,6
10,-60,5
11,-60,4
12,-61,4
13,-63,5
14,-63,8
15,-63,9
16,-63,9
16,-62,9
16,-62,8
15,-62,8
13,-63,7
11,-63,7
10,-63,7
11,-62,6
11,-62,6
11,-62,7
12,-62,8
13,-62,8
15,-62,10
16,-62,10
16,-62,10
16,-62,10
16,-62,10
15,-62,10
15,-62,10
14,-62,9
15,-62,10
15,-62,9
15,-62,9
15,-62,9
15,-62,9
14,-62,9
14,-62,9
13,-62,8
13,-62,8
12,-63,8
12,-63,8
12,-63,9
13,-63,9
13,-63,9
14,-63,9
14,-63,9
14,-62,9
14,-62,9
13,-62,8
14,-62,8
14,-62,8
14,-62,9
14,-62,9
14,-62,9
14,-63,8
14,-63,8
14,-62,9
14,-62,9
14,-62,9
15,-62,8
14,-62,8
14,-62,9
13,-62,9
14,-62,8
14,-62,8
14,-62,8
14,-62,8
14,-62,8
14,-62,9
14,-62,8
14,-62,8
14,-63,9
14,-62,9
14,-62,9
14,-63,8
14,-62,8
14,-62,8
14,-62,8
14,-62,8
14,-62,8
14,-62,9
14,-62,8
14,-63,8
13,-63,9
14,-62,8
14,-62,9
14,-62,8
14,-62,8
14,-62,9
14,-62,8
14,-62,9
15,-62,9
15,-62,8
15,-62,8
15,-62,9
15,-62,8
15,-62,9
15,-62,9
14,-63,9
14,-63,8
13,-63,8
13,-63,8
13,-63,8
13,-62,8
14,-63,9
14,-62,9
14,-62,9
14,-62,9
15,-62,9
15,-62,9
15,-62,9
14,-62,9
14,-62,9
15,-62,9
15,-62,9
15,-62,9
15,-62,9
15,-62,10
14,-62,9
14,-62,9
14,-62,9
13,-63,8
13,-62,8
13,-63,9
13,-62,9
13,-63,9
14,-62,9
14,-62,9
14,-62,9
14,-62,10
14,-62,9
13,-62,10
14,-63,10
13,-62,10
13,-62,10
13,-61,11
12,-60,11
11,-60,11
11,-64,12
12,-64,13
14,-63,14
14,-63,14
14,-60,14
13,-60,14
13,-60,13
14,-63,14
14,-63,14
14,-62,15
13,-62,15
13,-61,15
15,-61,13
15,-61,12
14,-61,12
13,-61,13
13,-61,13
14,-63,13
14,-62,13
14,-62,13
13,-62,13
13,-62,14
12,-63,14
12,-63,14
12,-64,13
12,-62,12
12,-62,12
11,-61,12
11,-61,11
12,-63,11
12,-63,11
12,-62,12
13,-60,12
13,-60,12
13,-60,12
14,-60,12
14,-61,12
13,-62,13
13,-63,13
13,-63,13
13,-63,13
12,-62,12
12,-60,12
12,-60,12
13,-60,12
14,-61,12
14,-61,13
15,-62,14
15,-61,14
13,-61,14
14,-61,14
13,-62,13
12,-63,13
12,-64,13
12,-64,13
12,-63,13
11,-61,13
11,-61,12
12,-62,12
14,-61,12
15,-61,12
14,-61,14
14,-61,14
14,-61,14
14,-62,14
14,-62,14
14,-64,14
13,-64,14
13,-62,14
12,-61,13
12,-60,12
14,-60,11
14,-60,10
14,-61,11
14,-61,13
14,-61,13
13,-62,15
13,-62,15
13,-63,14
12,-63,13
12,-62,13
12,-62,13
12,-62,12
13,-62,11
13,-61,10
13,-62,11
14,-61,12
13,-62,14
12,-62,15
12,-62,14
12,-62,14
12,-63,13
12,-62,12
12,-62,12
12,-62,11
12,-62,11
11,-62,12
11,-62,12
12,-61,12
11,-61,12
12,-62,14
13,-62,14
13,-62,14
13,-62,13
12,-62,13
12,-61,12
12,-61,12
11,-61,12
11,-62,13
11,-62,13
12,-62,13
12,-62,13
12,-62,13
13,-63,13
13,-63,13
13,-62,13
13,-62,13
12,-61,13
12,-60,13
13,-60,12
14,-61,12
13,-63,13
12,-63,13
13,-62,14
13,-62,14
14,-61,13
14,-61,13
14,-62,14
13,-61,13
12,-62,13
12,-62,13
12,-61,13
13,-61,13
14,-61,13
14,-61,13
13,-62,14
13,-62,14
13,-62,13
13,-62,13
13,-62,13
13,-62,13
13,-62,13
13,-62,14
13,-61,13
13,-61,13
13,-61,13
13,-61,13
13,-62,13
13,-62,13
13,-61,13
13,-62,14
13,-62,14
14,-62,14
13,-62,13
13,-62,13
13,-61,13
13,-61,13
13,-61,13
13,-61,13
13,-61,13
13,-62,13
13,-62,13
13,-62,13
13,-62,13
13,-62,12
13,-62,13
13,-62,13
13,-62,13
14,-62,14
14,-62,14
13,-61,12
13,-61,12
12,-61,11
12,-61,12
12,-62,13
14,-62,13
14,-62,13
15,-62,14
14,-62,14
15,-62,14
14,-62,13
14,-62,13
13,-61,13
13,-61,12
13,-61,12
14,-62,13
14,-62,13
14,-62,13
14,-62,13
13,-61,13
13,-62,13
13,-62,12
13,-62,12
13,-62,12
13,-62,12
12,-62,13
14,-62,13
14,-62,13
14,-62,12
13,-62,12
13,-62,12
13,-62,12
13,-62,12
13,-62,13
13,-62,13
13,-62,13
14,-62,13
13,-61,12
13,-61,12
13,-62,12
13,-62,13
13,-62,14
12,-62,12
12,-62,12
12,-61,12
13,-62,12
13,-62,14
13,-62,13
14,-62,13
14,-61,13
14,-62,13
14,-61,13
14,-62,13
13,-61,13
12,-61,13
13,-61,13
13,-61,13
13,-62,13
14,-61,13
14,-62,13
14,-62,13
14,-62,13
14,-62,13
14,-62,14
14,-62,14
14,-62,14
14,-61,12
13,-61,12
12,-61,12
11,-61,12
11,-62,12
12,-63,12
12,-63,13
13,-62,12
13,-62,12
12,-62,12
12,-63,13
13,-62,13
14,-63,13
13,-62,13
13,-62,13
13,-62,14
13,-63,14
14,-62,13
14,-62,12
15,-63,10
16,-61,8
16,-60,8
16,-60,10
15,-60,10
15,-60,12
16,-61,11
16,-62,11
17,-61,9
17,-61,10
16,-62,9
15,-61,8
15,-60,9
16,-60,9
17,-61,10
17,-63,10
15,-62,9
15,-61,8
16,-61,8
16,-61,7
16,-62,7
16,-64,7
15,-63,7
13,-61,5
13,-61,5
13,-62,9
16,-63,9
17,-62,9
17,-62,8
17,-61,8
18,-60,7
19,-61,8
19,-61,8
16,-62,7
17,-63,8
17,-61,7
17,-61,7
18,-61,7
17,-60,7
18,-61,7
19,-65,7
18,-64,6
15,-62,4
16,-61,4
15,-59,3
15,-63,3
15,-65,4
17,-62,5
18,-64,6
18,-64,7
18,-63,5
18,-64,5
18,-62,3
18,-63,5
16,-61,5
18,-59,5
19,-60,6
19,-59,6
21,-58,5
19,-58,4
21,-63,5
20,-64,5
19,-66,4
17,-65,4
15,-62,2
14,-61,2
14,-61,2
14,-61,3
16,-62,4
19,-63,7
20,-63,7
21,-62,7
19,-62,5
19,-62,4
18,-61,4
18,-63,4
17,-63,4
14,-62,3
14,-60,2
16,-59,3
19,-58,2
22,-59,2
21,-61,4
20,-62,3
20,-67,5
18,-65,6
17,-65,5
14,-64,5
12,-63,3
12,-65,5
11,-63,3
11,-64,2
14,-64,3
14,-62,3
17,-61,3
18,-60,4
17,-61,5
17,-62,5
18,-61,5
18,-62,7
19,-64,8
18,-64,7
17,-65,7
16,-63,7
17,-64,6
17,-64,7
15,-61,6
15,-63,7
13,-61,6
14,-62,5
14,-63,6
12,-61,5
11,-60,5
12,-60,6
12,-62,8
13,-61,8
14,-62,8
16,-62,9
17,-61,8
17,-60,8
18,-60,9
19,-60,10
19,-62,11
18,-62,11
18,-62,11
17,-62,11
16,-61,10
15,-61,10
15,-62,9
14,-62,8
14,-62,7
14,-62,8
14,-61,8
14,-61,8
15,-62,9
15,-62,9
15,-63,9
15,-62,9
14,-63,9
13,-62,7
13,-62,7
13,-62,8
13,-63,8
14,-63,8
15,-62,9
15,-62,9
15,-62,9
15,-62,9
15,-62,9
15,-62,8
14,-62,8
14,-62,8
14,-62,8
14,-62,8
15,-62,8
15,-63,9
14,-62,8
14,-62,8
14,-62,8
13,-62,8
14,-62,8
15,-62,8
15,-63,8
15,-63,8
14,-63,9
14,-62,8
14,-62,8
14,-62,8
15,-62,9
15,-63,8
14,-62,8
13,-62,8
13,-62,8
15,-63,9
15,-63,9
15,-62,9
16,-62,9
16,-63,9
15,-62,9
15,-62,9
14,-62,9
14,-62,8
14,-62,8
15,-62,8
15,-62,8
15,-62,9
15,-62,9
15,-62,9
15,-62,9
15,-62,9
14,-62,8
14,-62,8
14,-62,8
15,-62,8
14,-62,8
15,-62,9
15,-62,8
15,-62,8
15,-62,8
15,-62,8
15,-63,8
15,-62,8
14,-62,9
14,-62,9
14,-62,9
15,-62,8
15,-62,9
15,-62,9
15,-62,9
15,-62,9
15,-62,9
15,-62,9
15,-62,8
14,-62,8
14,-62,8
15,-62,9
15,-62,9
15,-62,9
15,-62,8
15,-62,8
14,-62,8
14,-62,9
14,-62,9
15,-62,8
15,-62,9
15,-62,8
14,-62,9
15,-62,9
15,-63,9
15,-63,9
15,-62,9
15,-62,9
15,-62,8
15,-62,8
15,-62,9
15,-62,9
15,-62,9
15,-61,9
15,-61,8
15,-61,8
15,-62,9
15,-62,9
15,-62,9
15,-62,9
15,-62,9
15,-62,9
15,-63,9
15,-62,9
15,-62,9
14,-62,8
15,-62,9
15,-62,9
15,-62,9
15,-62,9
15,-62,9
15,-62,9
15,-62,9
15,-62,9
15,-62,9
15,-62,9
15,-62,9
15,-62,9
15,-62,9
15,-62,9
15,-62,9
15,-62,9
15,-62,9
15,-62,9
15,-62,9
15,-62,9
16,-62,9
15,-62,9
15,-62,9
15,-62,9
15,-62,9
15,-62,9
15,-62,9
15,-62,10
15,-62,10
15,-61,9
16,-62,8
15,-62,8
15,-62,9
15,-62,9
15,-62,9
15,-62,10
15,-62,9
15,-61,9
15,-62,9
15,-62,9
16,-62,9
15,-62,9
15,-62,9
15,-62,10
15,-62,10
15,-62,9
16,-62,9
16,-61,9
15,-62,9
15,-62,9
14,-62,9
15,-61,8
15,-61,9
16,-62,9
16,-62,10
16,-62,10
16,-62,9
15,-62,10
15,-62,9
15,-62,9
15,-62,9
15,-62,8
15,-62,9
15,-62,9
15,-61,9
15,-62,9
16,-62,9
16,-62,9
15,-62,9
15,-61,10
15,-62,9
16,-62,9
15,-62,9
15,-62,9
15,-63,9
15,-62,8
15,-61,9
15,-61,9
16,-62,9
16,-63,9
16,-62,10
15,-61,9
15,-62,9
15,-62,8
15,-62,9
15,-62,8
15,-62,8
15,-62,8
15,-61,8
15,-61,8
15,-63,9
15,-62,9
16,-62,9
16,-62,9
15,-62,8
15,-62,8
15,-62,8
15,-62,8
15,-62,9
14,-62,8
14,-61,8
15,-62,8
15,-62,9
15,-62,9
16,-62,9
15,-62,8
15,-62,9
15,-62,8
15,-63,9
15,-62,8
15,-62,8
15,-62,8
14,-62,8
15,-62,8
15,-62,8
16,-62,8
15,-62,8
15,-62,9
15,-62,8
15,-62,8
15,-62,8
15,-62,8
15,-62,9
15,-62,8
15,-62,8
15,-62,8
15,-62,9
15,-62,8
15,-62,8
15,-62,8
14,-62,8
15,-62,9
15,-62,9
15,-62,8
16,-62,8
15,-62,8
14,-62,8
15,-62,8
15,-62,8
15,-62,8
15,-62,8
15,-62,8
15,-62,8
15,-62,8
15,-62,8
15,-63,8
15,-62,8
15,-62,9
15,-62,8
15,-62,8
15,-62,8
15,-62,8
15,-62,8
15,-62,8
15,-62,8
15,-62,8
15,-62,8
15,-62,8
15,-62,8
15,-63,8
15,-62,8
15,-62,8
15,-62,9
15,-62,9
15,-62,8
15,-62,8
15,-62,8
15,-62,8
15,-62,8
15,-62,8
15,-63,8
15,-62,8
14,-62,8
14,-62,8
15,-62,8
15,-62,8
15,-62,8
15,-62,8
15,-62,8
15,-62,8
15,-62,8
15,-62,8
14,-62,8
15,-62,8
15,-62,8
15,-62,8
15,-62,8
15,-62,8
15,-62,9
15,-62,8
15,-62,8
15,-62,8
15,-62,8
15,-62,8
16,-62,8
15,-62,9
15,-62,8
15,-62,8
15,-62,8
15,-62,9
15,-62,8
15,-62,8
15,-62,9
15,-62,8
15,-62,8
15,-62,8
15,-63,9
15,-62,9
15,-62,9
15,-62,8
15,-62,8
15,-62,8
15,-62,9
15,-62,9
15,-62,9
15,-62,9
15,-62,8
15,-62,8
15,-62,9
15,-62,9
15,-62,8
15,-62,9
15,-62,9
15,-62,9
15,-62,9
15,-62,9
15,-62,9
15,-62,9
15,-62,8
15,-62,8
15,-62,8
15,-62,9
15,-62,9
15,-62,9
15,-62,9
15,-62,8
15,-61,8
15,-62,8
15,-62,9
15,-62,9
15,-62,11
15,-61,10
16,-61,10
17,-62,10
17,-63,10
16,-62,11
15,-61,11
15,-61,10
16,-61,10
16,-61,10
16,-61,11
16,-62,11
15,-62,11
15,-62,11
15,-61,10
15,-61,10
15,-61,11
15,-61,11
15,-62,11
15,-62,11
15,-61,11
15,-62,11
16,-61,11
16,-61,11
15,-62,11
15,-62,11
15,-61,11
14,-61,11
15,-62,11
16,-62,11
16,-62,11
16,-61,11
16,-61,11
16,-61,11
16,-62,11
15,-62,11
15,-62,11
15,-62,11
15,-61,11
15,-61,11
15,-62,11
16,-62,11
16,-62,11
15,-62,11
15,-62,11
15,-62,10
15,-62,11
15,-61,11
15,-62,11
15,-62,11
15,-61,11
15,-62,10
15,-61,10
15,-62,11
15,-62,11
15,-61,10
15,-62,10
15,-61,10
15,-61,10
15,-62,10
15,-62,11
15,-62,11
15,-62,10
15,-62,10
15,-62,10
15,-62,11
15,-62,11
16,-62,11
16,-62,10
15,-62,10
15,-62,10
15,-61,10
16,-62,10
15,-62,10
15,-62,10
15,-61,10
15,-62,10
15,-62,10
15,-62,10
16,-62,10
16,-62,10
16,-62,10
15,-61,10
15,-61,10
16,-62,10
16,-62,10
15,-62,10
15,-62,10
15,-62,10
15,-62,10
15,-62,10
15,-61,9
15,-62,10
15,-62,10
15,-61,10
15,-62,10
15,-62,10
15,-62,9
15,-62,10
15,-62,10
15,-62,10
15,-62,10
16,-62,10
15,-62,10
15,-62,10
15,-62,10
15,-62,10
15,-62,10
15,-62,10
15,-62,10
15,-62,10
15,-62,11
15,-62,10
15,-62,10
15,-62,10
15,-62,10
15,-62,11
15,-62,10
15,-62,10
14,-62,10
15,-62,10
15,-62,10
15,-62,10
15,-62,10
15,-62,10
15,-62,10
15,-62,10
15,-62,10
15,-62,11
15,-62,10
15,-62,10
15,-62,10
15,-62,10
15,-62,10
15,-62,10
15,-62,10
15,-62,10
15,-62,10
15,-62,10
15,-62,10
15,-62,10
15,-62,10
15,-62,10
15,-62,10
15,-62,10
14,-62,10
15,-62,10
14,-62,10
15,-62,10
15,-62,10
14,-62,10
15,-62,10
15,-62,10
14,-62,10
14,-62,10
15,-62,10
14,-62,10
15,-62,10
15,-62,10
15,-62,10
14,-62,10
14,-62,10
14,-62,10
14,-62,10
14,-62,10
15,-62,10
14,-61,10
14,-61,10
15,-61,11
15,-61,11
14,-61,11
14,-61,11
15,-61,11
15,-61,12
14,-61,12
14,-61,11
14,-61,11
13,-62,12
13,-62,12
13,-63,13
12,-63,13
12,-63,13
12,-63,13
13,-62,13
14,-62,13
14,-60,14
14,-61,14
14,-63,15
14,-62,15
15,-62,15
14,-62,14
13,-62,14
14,-62,13
13,-61,13
13,-61,13
13,-61,14
14,-61,14
14,-62,15
15,-61,15
15,-60,15
15,-60,15
15,-60,15
14,-61,15
13,-62,14
13,-62,14
13,-62,14
12,-61,13
12,-60,13
13,-61,14
14,-61,13
14,-62,14
14,-61,15
14,-61,15
13,-61,15
14,-61,14
14,-61,14
14,-61,14
14,-61,15
14,-61,14
14,-61,15
14,-61,14
14,-62,15
14,-61,14
14,-61,14
14,-61,14
15,-61,15
15,-61,15
15,-61,14
15,-61,14
15,-61,15
14,-61,14
14,-61,14
14,-61,14
14,-61,14
15,-61,14
15,-61,14
15,-61,14
15,-61,14
14,-61,14
14,-61,14
14,-61,14
14,-61,14
14,-62,14
14,-61,14
14,-61,14
14,-61,14
15,-61,14
15,-61,14
14,-62,14
14,-61,14
14,-61,14
14,-61,14
14,-61,14
15,-61,14
15,-61,14
14,-61,14
14,-61,14
14,-61,14
14,-61,14
14,-61,13
14,-61,14
14,-61,13
14,-61,13
14,-61,14
14,-61,13
14,-61,14
14,-62,13
14,-61,13
14,-61,13
14,-61,13
14,-61,13
14,-62,14
14,-62,13
15,-61,14
14,-61,13
15,-61,13
15,-61,13
15,-62,14
15,-61,13
14,-61,14
14,-61,13
15,-61,13
15,-62,14
15,-61,14
15,-61,13
15,-62,13
15,-61,14
15,-61,13
15,-61,13
15,-61,13
15,-62,13
15,-61,13
14,-62,13
15,-61,13
15,-61,13
15,-61,13
15,-61,13
15,-61,13
15,-61,14
15,-61,13
15,-61,13
16,-61,14
16,-61,13
16,-61,14
16,-61,14
15,-61,14
16,-61,14
16,-61,13
16,-61,13
16,-61,13
15,-61,13
15,-61,13
15,-61,13
16,-61,13
16,-61,13
16,-61,13
15,-61,13
15,-61,13
15,-61,13
15,-61,13
15,-61,13
15,-61,13
16,-61,13
15,-61,14
15,-61,13
15,-61,13
15,-61,14
15,-61,13
15,-61,14
15,-61,13
15,-61,14
15,-61,14
15,-61,14
15,-61,14
16,-61,14
15,-61,14
15,-61,14
15,-61,14
15,-61,14
15,-61,14
15,-61,14
15,-61,14
15,-61,13
15,-61,13
15,-61,13
15,-61,14
15,-61,14
15,-61,14
15,-61,14
15,-61,13
15,-61,13
15,-61,13
15,-61,13
15,-61,13
15,-61,14
15,-61,14
15,-61,14
15,-61,14
16,-61,14
15,-61,14
15,-61,14
16,-61,14
15,-61,14
15,-61,14
16,-61,14
16,-61,14
15,-61,14
15,-61,13
15,-61,14
15,-61,14
15,-61,13
16,-61,14
16,-61,13
16,-61,14
16,-61,14
16,-61,13
16,-61,13
15,-61,14
16,-61,14
16,-61,14
16,-61,14
16,-61,13
16,-61,13
16,-61,13
16,-61,14
16,-61,14
16,-61,14
16,-61,14
16,-61,14
16,-61,14
16,-61,14
16,-61,14
16,-61,14
16,-61,14
16,-61,14
16,-61,14
16,-61,14
16,-61,14
16,-61,14
16,-61,14
16,-61,13
16,-61,14
15,-61,14
15,-61,14
16,-61,14
16,-61,14
16,-61,14
15,-61,14
16,-61,14
16,-61,14
15,-61,14
16,-61,14
16,-61,14
16,-61,14
15,-61,14
15,-61,14
15,-61,14
15,-61,14
15,-61,14
15,-61,14
15,-60,14
15,-61,14
16,-61,14
15,-61,14
15,-61,14
15,-61,14
15,-61,14
15,-61,14
15,-61,14
15,-61,14
15,-61,14
16,-61,14
15,-61,14
15,-61,14
15,-61,14
15,-61,14
15,-61,14
16,-61,13
16,-60,13
16,-62,14
15,-61,14
16,-61,14
16,-61,14
16,-61,14
15,-61,13
15,-61,13
15,-61,13
15,-62,14
15,-61,14
15,-61,13
15,-61,13
16,-61,14
16,-62,13
16,-62,15
15,-61,15
15,-61,15
15,-61,13
15,-61,13
14,-61,13
14,-62,13
14,-61,13
14,-61,14
15,-61,14
14,-61,13
15,-61,13
15,-61,13
15,-61,14
15,-61,14
15,-61,14
15,-61,13
15,-60,14
15,-61,13
15,-61,13
16,-62,15
16,-62,15
16,-61,15
15,-61,15
16,-61,14
17,-61,14
17,-62,14
17,-61,15
16,-61,15
16,-61,15
15,-61,13
16,-61,13
15,-61,13
15,-61,12
15,-61,13
14,-61,12
13,-61,12
14,-61,12
14,-62,12
14,-61,12
14,-62,12
14,-62,12
14,-61,12
14,-61,12
14,-61,12
14,-62,12
14,-62,12
14,-62,13
14,-62,13
13,-61,12
13,-62,13
14,-62,13
13,-62,13
13,-62,13
13,-62,13
13,-62,13
13,-62,13
14,-62,13
15,-62,14
14,-63,13
15,-62,13
14,-62,13
15,-61,14
14,-61,14
15,-61,13
15,-61,12
15,-61,11
15,-61,11
15,-61,10
16,-62,10
16,-62,11
16,-61,11
16,-61,12
17,-61,12
17,-61,12
17,-61,11
17,-62,12
17,-61,11
16,-61,11
16,-61,11
16,-61,11
16,-61,11
16,-61,10
17,-60,10
17,-61,10
17,-61,10
16,-61,10
16,-61,11
16,-61,11
17,-61,11
17,-61,11
17,-61,11
17,-60,10
17,-60,10
17,-61,10
17,-60,9
18,-60,9
19,-61,10
19,-62,11
19,-63,12
19,-64,12
18,-63,11
17,-62,11
16,-61,11
17,-60,10
18,-60,10
17,-60,10
17,-61,10
17,-61,10
18,-62,11
18,-63,12
18,-62,12
18,-62,12
18,-61,11
18,-60,11
18,-59,11
18,-59,11
18,-59,10
18,-62,11
18,-62,12
17,-62,12
16,-61,13
15,-61,12
15,-61,12
16,-61,11
16,-61,11
16,-61,9
16,-61,9
16,-60,9
16,-60,11
18,-60,12
18,-63,13
17,-63,13
16,-62,10
15,-62,10
15,-61,10
15,-61,11
15,-61,11
16,-61,12
16,-61,11
17,-61,11
18,-61,11
18,-61,11
18,-62,11
18,-62,12
18,-61,12
18,-61,12
18,-62,12
18,-61,12
18,-62,12
17,-60,10
17,-60,10
17,-60,10
18,-60,10
19,-61,11
18,-60,11
18,-60,10
17,-60,10
17,-60,9
18,-61,9
19,-62,11
18,-62,11
18,-63,12
18,-62,13
18,-62,12
19,-61,12
18,-61,11
19,-61,11
19,-62,10
19,-61,10
18,-61,9
17,-60,10
16,-60,9
15,-61,10
15,-61,9
15,-61,10
15,-62,9
16,-61,9
17,-61,9
17,-61,9
17,-61,9
16,-61,10
16,-61,9
16,-61,9
16,-62,9
17,-63,10
17,-63,10
18,-62,11
17,-62,11
16,-61,10
17,-62,10
17,-62,10
17,-61,9
18,-61,9
18,-60,8
17,-61,9
17,-61,9
16,-62,9
16,-62,9
16,-61,10
17,-61,10
18,-62,10
18,-62,10
18,-61,10
18,-61,10
18,-61,10
18,-61,10
17,-62,9
17,-61,9
17,-61,9
17,-61,9
17,-61,9
18,-61,9
17,-61,9
18,-61,10
18,-62,10
18,-62,10
17,-61,9
17,-61,9
18,-61,9
17,-62,9
17,-62,9
18,-61,9
18,-61,9
18,-61,9
18,-61,10
18,-61,10
18,-62,9
18,-62,9
17,-61,9
18,-61,10
18,-61,9
18,-61,9
18,-61,9
18,-61,9
17,-61,9
17,-61,9
18,-62,9
18,-62,9
17,-62,9
18,-61,9
17,-62,9
17,-62,9
17,-61,9
17,-61,9
17,-61,9
17,-61,9
17,-61,9
17,-61,9
18,-62,9
18,-62,9
17,-61,10
17,-61,10
17,-61,9
17,-61,9
17,-61,9
17,-62,9
17,-62,9
17,-62,9
16,-61,9
17,-61,9
16,-61,9
16,-62,10
17,-62,10
16,-61,9
17,-62,9
17,-61,9
16,-61,9
17,-61,9
16,-61,8
16,-61,9
16,-62,9
16,-62,9
16,-61,9
16,-61,9
17,-61,9
17,-62,10
18,-62,10
18,-62,10
18,-62,9
18,-62,9
17,-62,9
16,-61,9
16,-61,8
17,-61,8
17,-61,8
17,-61,9
17,-61,9
17,-61,9
17,-62,10
18,-62,10
17,-62,9
17,-62,9
17,-61,9
17,-61,9
17,-61,9
18,-61,9
18,-61,9
18,-61,10
17,-61,9
18,-62,9
17,-61,9
17,-61,9
17,-61,9
17,-61,9
17,-61,9
18,-62,9
17,-61,9
18,-62,9
18,-62,9
17,-62,9
17,-61,9
17,-61,8
17,-61,9
17,-61,9
17,-62,9
17,-62,9
17,-62,9
17,-61,9
17,-61,9
16,-62,9
17,-61,9
17,-62,9
17,-61,9
17,-61,9
17,-61,9
16,-61,9
16,-61,9
17,-62,10
17,-62,9
17,-62,9
17,-61,9
16,-61,9
16,-61,9
16,-61,9
17,-61,9
17,-61,9
17,-61,9
17,-62,10
17,-61,9
16,-61,9
17,-62,9
16,-62,9
17,-62,9
17,-61,10
16,-61,9
16,-61,9
17,-62,9
17,-61,9
16,-62,9
17,-61,9
16,-61,9
16,-61,10
17,-62,10
17,-62,9
17,-62,9
17,-61,9
16,-61,10
16,-61,10
16,-61,9
17,-61,10
17,-61,10
17,-62,9
18,-61,10
17,-61,10
16,-61,10
16,-62,10
16,-61,9
16,-61,9
16,-61,9
17,-61,9
17,-61,10
18,-62,10
18,-61,10
17,-61,10
17,-61,9
17,-61,9
16,-61,9
17,-61,8
17,-62,9
17,-62,9
17,-62,9
18,-62,9
17,-62,9
17,-62,9
17,-62,9
17,-61,9
17,-61,9
17,-61,8
17,-61,9
17,-61,9
17,-62,9
17,-61,9
17,-61,9
17,-62,9
17,-62,9
16,-61,9
16,-61,9
16,-61,9
16,-61,9
17,-62,9
17,-62,9
17,-62,9
17,-62,9
17,-61,9
16,-62,9
16,-62,9
16,-61,9
16,-61,9
16,-62,9
16,-61,9
17,-62,9
17,-62,9
17,-62,9
17,-61,9
17,-61,9
17,-62,9
17,-62,9
17,-62,9
17,-61,9
16,-61,9
16,-61,9
16,-62,8
17,-62,9
17,-62,9
17,-61,9
16,-61,9
16,-61,10
16,-62,9
16,-61,9
17,-61,9
17,-61,10
17,-61,10
17,-61,10
17,-62,10
16,-61,10
16,-61,10
16,-61,10
15,-60,9
17,-61,10
17,-61,10
18,-61,10
18,-62,10
17,-62,10
17,-62,10
17,-61,10
17,-61,10
17,-61,11
18,-61,10
18,-61,10
18,-61,10
17,-62,10
17,-61,10
17,-61,10
17,-61,10
17,-61,10
17,-61,10
17,-61,10
17,-61,10
17,-61,10
17,-61,10
17,-61,10
17,-61,10
17,-61,10
17,-61,10
17,-61,10
17,-62,10
17,-61,9
17,-62,8
17,-62,8
16,-61,7
15,-62,8
16,-62,8
18,-60,9
18,-60,8
19,-61,7
18,-60,6
19,-61,7
18,-61,6
19,-62,7
20,-61,8
20,-61,8
20,-62,8
20,-63,8
20,-64,8
20,-64,7
19,-64,6
19,-63,6
18,-63,5
18,-63,5
18,-63,6
22,-63,10
22,-63,13
26,-61,22
30,-62,26
31,-57,37
25,-58,40
38,-53,54
39,-68,57
32,-67,56
44,-77,56
37,-75,54
35,-71,58
32,-71,57
31,-71,52
15,-77,41
-1,-76,32
4,-62,29
-2,-41,18
-4,-28,13
-16,-14,16
-23,-5,17
-49,-6,16
-51,-19,18
-36,-12,27
-47,-8,31
-32,-9,39
-42,-3,35
-46,1,42
-37,-4,45
-32,-30,38
-36,-13,39
-49,1,50
-43,-8,48
-45,-9,46
-39,-7,50
-44,-14,57
-33,-7,50
-39,-10,56
-35,-12,55
-34,-12,52
-34,-10,54
-39,-7,54
-39,-8,53
-36,-10,56
-36,-11,56
-34,-9,55
-37,-9,54
-38,-8,52
-35,-7,52
-33,-6,51
-32,-7,51
-36,-9,54
-36,-9,54
-34,-9,54
