1617485958.000000, 1617485958.000000, 1617485958.000000
32.000000, 32.000000, 32.000000
6,-5,64
6,-4,63
7,-4,63
5,-4,63
6,-4,63
5,-4,64
6,-5,64
6,-5,63
6,-4,64
7,-4,64
6,-4,63
6,-4,63
7,-4,63
6,-4,63
5,-4,63
6,-4,63
6,-5,64
6,-5,63
6,-5,63
6,-5,63
6,-5,64
5,-5,62
6,-4,63
6,-4,64
6,-4,64
7,-4,64
7,-4,64
6,-4,64
7,-4,64
7,-4,63
6,-4,62
6,-4,63
6,-5,63
6,-5,63
7,-4,65
8,-5,65
8,-4,65
9,-4,65
8,-4,64
7,-5,64
8,-5,64
8,-5,64
7,-5,64
8,-5,65
6,-6,62
6,-6,61
5,-5,62
4,-7,61
5,-7,61
4,-8,58
5,-10,59
5,-12,61
7,-14,62
6,-13,61
6,-12,57
12,-13,61
9,-12,58
12,-14,60
13,-13,62
13,-13,62
13,-14,63
14,-15,65
12,-19,65
10,-19,64
10,-21,63
8,-22,61
8,-23,60
8,-24,59
7,-26,60
8,-27,61
9,-26,61
10,-26,60
9,-24,58
9,-24,56
8,-22,55
10,-22,54
9,-24,53
8,-23,52
15,-27,60
14,-29,63
16,-30,65
16,-27,62
17,-26,61
15,-24,59
15,-23,58
16,-24,59
15,-26,59
13,-26,57
8,-28,53
5,-27,48
5,-26,46
0,-28,40
1,-32,41
0,-36,39
4,-45,39
5,-48,40
3,-49,38
-5,-50,29
5,-57,30
5,-59,29
6,-68,24
7,-76,15
8,-79,12
17,-79,11
21,-77,12
26,-73,14
23,-69,15
19,-67,13
16,-65,14
16,-64,14
17,-60,16
14,-58,16
12,-56,14
13,-58,15
12,-59,17
9,-62,16
9,-72,15
10,-80,16
9,-79,14
9,-69,12
11,-66,12
12,-62,13
13,-62,14
15,-56,16
13,-54,14
13,-59,12
15,-66,13
14,-71,9
15,-71,10
15,-70,10
14,-60,9
14,-60,9
16,-58,10
15,-57,9
13,-57,8
11,-55,7
11,-56,6
14,-57,7
16,-58,8
15,-58,8
14,-58,5
13,-61,3
15,-73,1
20,-69,11
23,-60,13
24,-56,18
25,-62,21
20,-70,21
7,-70,15
-2,-69,13
-3,-72,16
3,-73,16
3,-59,12
-1,-55,8
0,-57,8
6,-66,8
9,-68,10
13,-65,11
12,-63,11
7,-58,10
0,-55,5
-6,-54,2
-7,-53,2
-3,-53,3
8,-55,5
10,-54,6
7,-57,6
8,-60,6
9,-62,8
16,-64,13
20,-69,15
19,-71,17
23,-80,18
23,-84,18
23,-106,6
29,-114,3
32,-100,-1
24,-95,-9
16,-85,-1
8,-74,-4
22,-59,-2
50,-17,43
42,-11,49
38,-26,35
36,-42,21
44,-54,22
57,-92,17
51,-106,-10
45,-103,-11
30,-79,-18
12,-74,-35
-23,-60,-46
-48,-68,-35
-53,-73,-41
-38,-93,-29
-36,-121,-15
-17,-128,-12
59,-128,8
106,-128,42
40,-128,3
80,-128,17
127,-24,85
112,3,44
-10,57,45
12,46,41
35,49,48
32,35,45
28,32,38
54,9,40
87,-33,35
127,-48,51
127,-128,73
127,-128,41
127,-128,-26
22,-128,-3
-2,-94,-1
-33,-57,-36
-46,-48,-47
-65,-22,-52
-62,-23,-36
-62,-34,-32
-34,-23,-23
-25,-29,-6
-47,-63,25
127,-128,127
127,-128,127
111,-82,69
88,-12,68
20,31,40
-18,39,16
-3,26,23
-5,23,28
-5,20,20
-1,18,19
1,20,24
13,18,28
57,8,53
101,15,78
127,-61,105
127,-128,65
106,-108,11
34,-67,21
19,-55,7
-23,-38,-26
-57,-21,-52
-79,6,-62
-26,-21,-36
-33,-22,-34
-40,-38,-20
-41,-60,12
127,-128,124
127,-128,127
127,-63,115
64,45,71
29,30,48
-19,19,19
-16,20,10
-12,22,13
-16,32,16
-20,41,13
-1,49,23
13,47,37
116,64,88
127,6,124
127,-106,81
118,-105,28
58,-70,31
19,-77,5
-41,-48,-25
-49,-45,-31
-65,-34,-37
-58,-33,-35
-37,-41,-15
25,-84,75
127,-128,127
127,-128,98
127,-12,84
56,63,61
-40,46,7
-42,37,8
-12,-1,17
-14,11,17
-12,29,22
-4,30,24
-5,32,23
27,60,41
100,58,69
127,23,127
127,-128,39
127,-128,9
74,-90,35
41,-83,22
-27,-67,-12
-56,-50,-32
-73,-6,-45
-47,-30,-43
-29,-31,-39
-16,-24,-25
-23,-28,-23
41,-101,78
127,-128,127
127,-128,63
106,43,69
72,54,60
-29,38,-5
-32,35,0
7,24,8
-6,41,5
-11,41,5
-11,39,3
-12,37,9
1,43,21
70,62,55
127,65,114
127,-110,126
127,-128,65
61,-103,26
33,-73,29
3,-52,13
-46,-42,-24
-59,-32,-55
-51,-25,-52
-19,-34,-36
-15,-31,-33
-25,-40,-26
-54,-48,-26
127,-128,120
127,-128,127
127,-63,106
76,53,78
40,29,55
-13,30,13
-13,28,2
-18,26,0
-13,30,7
-12,34,9
-5,48,-1
5,56,-9
49,66,17
127,74,105
127,23,117
127,-128,36
122,-127,27
54,-90,40
-8,-52,9
-54,-39,-19
-87,-15,-52
-70,-22,-49
-29,-29,-16
-13,-42,-6
13,-63,44
127,-128,127
127,-120,127
127,-12,119
127,14,99
49,35,37
-16,1,4
-21,-3,-2
-13,-1,-9
-19,0,-16
-17,6,-23
-18,40,0
5,66,30
-8,108,21
5,127,25
33,127,7
18,127,43
1,101,37
-4,34,29
16,10,37
3,-32,10
36,-17,7
35,0,-4
16,-5,-23
18,5,3
26,52,67
23,73,81
-53,90,112
-83,125,110
-38,106,114
-9,63,83
-20,36,60
23,13,-3
-22,-4,-44
-39,-14,-45
-38,-7,-32
-36,-5,-18
-12,12,17
-33,119,67
-32,104,117
-93,88,48
-93,97,21
-62,63,34
-29,22,-3
-15,9,-35
31,-33,-51
47,-42,-51
46,-40,-46
60,-44,4
40,-43,20
33,-78,46
100,-89,63
127,-128,75
127,-62,106
127,3,88
25,69,28
5,46,34
-10,26,17
-20,21,4
-1,28,2
14,43,4
4,52,-2
3,105,10
22,108,23
55,111,1
127,60,113
127,-2,109
127,-128,-17
127,-109,3
53,-84,41
21,-44,45
3,-28,24
-45,-22,21
-29,-15,12
58,-10,15
20,-9,-4
38,15,18
16,94,85
-20,105,63
-26,90,101
-34,52,42
-19,30,20
1,-1,20
-18,-7,4
-13,-25,-18
22,-8,3
-6,5,11
-30,1,4
-21,15,3
-39,126,-1
-43,127,10
-71,127,10
-40,127,58
-14,104,61
-28,51,9
-25,21,-1
8,-51,36
18,-67,18
26,-64,12
26,-47,0
41,-34,-6
56,13,42
106,100,101
127,102,127
127,46,127
127,33,127
79,37,59
26,36,16
54,16,27
20,25,12
0,37,-6
7,71,-2
25,75,7
31,111,-13
82,90,10
127,90,39
127,43,72
127,-54,59
127,-126,33
53,-72,41
39,-65,36
-12,-48,14
-38,-46,-3
-68,-41,-38
-49,-45,-38
-23,-52,-28
-11,-64,-20
-15,-73,-10
127,-128,77
127,-128,122
127,-83,97
106,25,73
32,52,58
16,22,29
0,27,20
-15,31,18
-5,47,23
-6,55,23
4,63,17
25,63,19
89,55,35
127,44,85
127,-28,64
127,-128,-4
127,-102,17
62,-100,50
2,-71,15
-26,-55,-4
-83,-45,-28
-79,-45,-33
-56,-53,-32
-17,-68,-30
-9,-69,-27
34,-119,35
119,-128,61
127,-128,86
127,-107,97
127,-25,92
33,23,53
23,25,41
4,27,42
0,46,41
0,65,33
18,79,28
35,75,32
109,38,54
127,25,53
127,-9,93
127,-128,70
127,-128,31
65,-124,27
16,-107,32
-49,-78,-12
-73,-57,-35
-81,-51,-42
-62,-62,-38
-43,-82,-35
-15,-95,-43
-12,-101,-36
60,-128,18
127,-128,79
127,-128,75
127,-69,75
110,-42,77
58,-6,58
22,24,55
14,33,66
-3,52,50
0,62,45
28,55,62
81,36,65
102,17,62
127,-21,58
127,-48,63
127,-128,64
90,-128,-14
43,-128,0
6,-76,5
-27,-63,-14
-55,-56,-32
-70,-47,-43
-68,-47,-39
-49,-79,-35
-42,-85,-32
-13,-128,-21
127,-128,45
127,-128,82
127,-113,77
127,-71,80
58,14,66
33,33,61
16,45,75
-3,58,52
2,63,40
25,67,48
53,57,58
113,19,53
127,-22,76
127,-60,82
127,-128,40
127,-128,39
98,-128,7
-15,-113,-3
-47,-98,-7
-78,-63,-31
-76,-51,-37
-60,-54,-33
-36,-63,-33
-24,-64,-31
-7,-77,-22
-2,-84,-12
84,-128,37
127,-128,59
127,-128,68
127,-59,83
98,-25,68
39,27,45
22,38,48
10,46,60
1,56,32
1,59,32
36,45,46
51,30,39
68,8,23
127,3,73
127,-43,91
127,-128,20
127,-128,-9
49,-111,10
11,-80,14
-14,-68,0
-76,-47,-35
-88,-30,-44
-72,-30,-32
-34,-40,-16
-24,-44,-16
-20,-69,15
67,-128,79
127,-128,127
127,-128,94
81,19,69
32,39,42
14,28,29
-6,29,12
-14,28,8
-14,30,7
-16,40,10
-13,43,14
3,41,18
27,43,29
127,64,114
127,-128,102
127,-128,52
73,-79,28
63,-75,34
10,-41,18
-26,-45,-25
-45,-40,-45
-57,-15,-64
-45,-16,-54
-10,-29,-21
-11,-38,-22
-27,-58,-22
50,-119,60
127,-128,127
127,-128,104
77,-69,73
60,48,62
4,19,35
-2,28,23
-20,24,8
-20,26,4
-12,35,4
-6,38,11
0,38,14
8,43,20
28,36,29
127,72,115
127,-91,127
127,-128,62
55,-86,31
56,-84,42
20,-54,14
-38,-43,-33
-53,-49,-42
-50,-32,-42
-45,-29,-39
-23,-33,-28
-22,-36,-27
-20,-61,24
127,-128,127
127,-128,127
91,-28,77
65,47,61
18,14,37
-12,26,6
-16,24,-1
-17,26,-5
-16,28,-5
-12,41,2
-7,48,3
-6,54,2
30,85,25
127,81,102
127,-69,127
127,-128,49
76,-84,42
54,-68,40
24,-50,26
-27,-42,-21
-50,-38,-43
-69,-15,-69
-23,-25,-47
13,-53,-26
-20,-52,-38
-30,-62,-31
30,-116,61
127,-128,127
127,-128,127
118,36,86
65,66,72
6,19,28
-16,28,9
-12,15,6
-14,30,3
-16,38,4
-11,47,5
10,69,5
24,66,18
123,36,68
127,39,103
127,-60,114
127,-128,27
71,-62,37
53,-59,34
26,-52,13
-36,-25,-22
-51,-51,-41
-53,-45,-44
-30,-44,-39
-22,-44,-37
-19,-40,-16
-35,-59,11
127,-128,127
127,-128,110
127,-53,93
66,48,68
45,21,54
-5,21,19
-4,21,7
-6,27,4
0,47,1
16,55,4
22,68,13
67,61,16
119,82,25
127,127,80
127,105,79
127,68,63
115,-2,31
54,-20,12
41,-48,14
47,-45,24
-3,-46,-15
-6,-42,-21
1,-29,13
26,-4,15
52,28,28
26,94,70
-41,121,56
8,127,90
14,87,107
-7,61,89
-25,36,11
-14,29,-6
-5,6,-19
-24,-1,-15
-26,1,-5
-10,9,-9
-14,11,-15
-10,38,11
-28,88,63
-40,124,44
-28,127,64
-16,127,70
11,91,50
16,53,15
-2,27,-9
-16,-11,-17
-7,-28,3
44,-9,22
57,5,16
52,21,27
47,50,89
38,69,94
-62,127,82
19,123,99
-12,50,27
-20,-6,-1
-29,-13,-22
-8,-5,-42
6,0,-39
11,7,-23
21,50,-11
34,58,10
67,91,31
49,100,24
127,83,14
127,42,-24
127,-8,-13
127,-45,-21
105,-55,8
58,-43,2
29,-29,6
45,-30,37
55,-46,9
-28,-37,0
-40,-34,-46
-35,-34,-51
-16,-49,-15
47,-108,21
127,-128,36
127,-117,90
127,-74,76
127,-1,40
61,31,34
38,32,26
15,34,18
5,42,13
-11,68,11
-9,79,12
14,74,27
65,52,52
104,46,51
127,11,65
127,-14,65
127,-86,26
96,-95,12
57,-84,17
20,-70,10
-4,-62,4
-18,-46,-8
-37,-36,-14
-35,-38,-15
-11,-59,-12
4,-74,3
79,-77,52
127,-116,84
127,-91,92
127,-8,46
114,24,39
54,33,40
12,27,22
3,23,12
-14,25,1
-19,32,1
-28,38,1
-45,49,-8
-17,57,-16
127,57,12
127,70,-22
127,-20,-51
127,-105,-43
127,-86,-31
52,-64,-1
28,-53,6
13,-43,4
-2,-45,-5
-59,-35,-40
-51,-12,-42
-24,-16,-29
-16,-20,2
-34,-24,1
119,-92,42
127,-128,117
127,-113,81
127,3,35
96,13,39
14,20,26
-9,20,6
-13,21,3
-22,27,3
-20,37,1
-18,71,-14
22,77,-13
63,71,-17
127,80,-37
127,45,-79
127,-58,-128
122,-81,-43
119,-69,2
32,-63,-4
42,-65,10
13,-47,37
-11,-39,15
-21,-51,10
-6,-52,2
-7,-68,-13
7,-88,-1
59,-101,-2
127,-128,-5
127,-79,19
127,-2,34
77,68,37
24,52,24
-12,41,14
-27,25,15
-24,27,17
-13,46,19
-14,50,19
0,53,14
27,48,15
58,52,23
127,61,78
127,-4,88
127,-128,2
124,-120,3
47,-78,35
19,-65,15
-11,-56,-4
-66,-43,-29
-77,-36,-36
-58,-42,-34
-18,-45,-24
-18,-49,-23
-18,-62,6
127,-128,127
127,-128,127
127,-33,73
90,35,63
14,22,33
-4,24,21
-14,26,8
-8,23,8
-7,30,8
-16,52,9
-14,55,11
7,52,14
16,60,23
127,70,65
127,-25,109
127,-128,57
101,-84,9
56,-65,21
42,-57,28
-16,-41,-2
-39,-42,-14
-51,-40,-30
-53,-29,-37
-21,-26,-25
-7,-48,-19
-18,-51,-16
58,-92,68
127,-128,127
127,-128,110
93,1,65
70,54,64
17,17,30
-6,26,15
-12,28,8
-9,32,7
-8,39,9
16,50,21
25,53,23
38,46,25
74,42,28
127,39,90
127,-128,37
127,-128,11
30,-66,31
35,-65,27
8,-50,6
-47,-36,-8
-57,-31,-20
-58,-31,-33
-44,-30,-33
-19,-39,-22
-41,-45,-17
41,-62,47
127,-128,127
127,-128,106
69,-18,67
38,33,51
3,10,29
-11,32,17
-9,27,23
-8,21,24
-13,26,17
-17,37,11
4,32,20
21,36,27
127,40,65
127,20,93
127,-128,66
127,-97,26
64,-77,27
36,-69,23
17,-68,16
-28,-50,-5
-51,-36,-15
-63,-29,-25
-45,-20,-29
-23,-31,-22
-24,-42,-14
108,-63,78
127,-128,127
127,-128,90
122,-77,59
71,51,67
6,9,27
-19,21,12
-9,23,8
0,14,11
1,22,16
5,31,17
24,52,8
62,82,3
97,84,6
127,88,71
127,27,67
127,-128,13
108,-74,46
84,-108,26
-4,-66,-4
-29,-52,-3
-28,-54,2
-49,-32,-17
-51,-28,-22
-38,-38,-14
-33,-45,-11
-26,-59,-25
71,-128,-14
127,-128,32
62,-128,-31
86,-128,-4
127,-64,38
98,1,48
70,6,53
66,18,55
63,21,47
56,22,40
86,17,37
123,-19,18
127,-104,5
127,-128,-25
81,-128,-69
39,-128,-62
12,-127,-2
-74,-91,-41
-124,-63,-29
-128,-61,-34
-116,-56,-26
-75,-43,-10
-79,-61,-46
-17,-92,-43
124,-128,21
127,-128,28
127,-128,-2
47,-97,32
75,-60,46
83,-28,35
47,-9,34
31,18,47
38,26,56
44,30,61
43,28,69
42,33,56
102,19,41
127,-8,68
127,-128,10
127,-128,-27
86,-128,-20
14,-128,-16
-10,-87,-12
-44,-19,-23
-46,-12,-29
-48,-15,-28
-55,0,-30
-44,-5,-28
-25,-24,-11
-21,-52,-5
30,-81,43
127,-128,127
127,-128,83
104,-35,88
65,23,64
11,14,37
-13,28,18
-13,24,26
-7,26,27
-6,33,20
-1,41,18
13,38,21
22,34,19
87,20,44
127,-1,102
127,-68,101
127,-128,53
116,-112,36
49,-78,26
28,-58,26
-21,-33,-1
-55,-16,-25
-54,-10,-24
-55,-9,-29
-44,-20,-25
-30,-47,-15
-38,-105,-24
51,-128,15
127,-128,123
127,-128,78
67,-4,48
23,19,42
16,21,38
2,22,27
-8,21,20
-17,15,6
-17,19,3
-12,27,10
5,25,11
4,25,6
56,47,33
127,34,99
127,-128,106
79,-120,39
53,-99,38
44,-66,42
30,-63,24
-33,-54,-19
-68,-34,-56
-64,-24,-64
-28,-16,-44
-18,-21,-35
-20,-30,-34
-6,-51,35
120,-110,86
127,-128,127
127,-111,121
89,-19,88
43,15,68
-22,21,28
-7,23,14
-6,19,12
-7,26,18
-4,30,21
17,30,27
32,26,23
69,36,33
127,-13,107
127,-111,90
127,-128,45
46,-88,42
44,-79,36
-6,-61,-2
-36,-40,-20
-67,-24,-38
-60,-24,-46
-42,-25,-45
-26,-10,-36
-32,1,-29
13,-20,9
127,-128,127
127,-128,127
45,-83,61
42,-11,54
46,19,41
-15,33,10
-20,33,14
-5,38,11
9,47,18
88,46,50
89,55,49
127,61,75
127,11,80
127,-19,67
127,-22,40
117,-40,0
19,-19,-2
55,-41,25
39,-56,15
-10,-42,-20
-29,-43,-20
-9,-49,1
38,-15,-14
43,8,-7
24,29,49
24,78,41
127,109,95
59,91,122
53,80,101
38,88,28
15,54,30
20,2,8
-21,-19,-21
-54,-32,-20
-51,-16,-15
-43,-5,-13
8,49,20
45,72,48
67,126,56
127,119,68
127,85,71
121,44,59
82,17,38
39,-13,20
24,-28,21
14,-33,12
-21,-37,-5
-28,-35,-9
-21,-20,-11
-9,-31,-1
5,-45,6
-10,-73,-8
38,-89,26
127,-128,127
127,-128,35
101,-68,34
54,3,6
20,37,13
6,45,29
4,28,31
-24,41,19
-10,58,20
-5,57,18
-12,52,15
-28,49,8
-4,55,6
127,-2,127
127,-128,82
126,-128,-16
45,-114,-7
47,-69,28
6,-42,-1
-23,-32,-16
-51,-28,-30
-62,-24,-40
-76,-11,-53
-30,-29,-30
-34,-33,-20
20,-75,25
127,-128,53
127,-128,104
127,-120,71
46,6,45
-18,35,22
-27,20,15
-4,18,16
-5,18,14
-8,28,3
-2,48,8
9,53,9
49,61,20
63,56,22
127,84,62
127,-16,91
127,-128,47
103,-97,15
58,-48,26
56,-48,23
-7,-45,-3
-44,-44,-16
-63,-38,-43
-52,-37,-51
-18,-54,-27
-15,-57,-22
3,-59,18
127,-128,127
127,-128,127
127,-67,64
80,5,52
54,55,48
10,23,28
-10,28,14
-18,23,2
-14,28,0
-10,50,6
8,65,15
9,84,21
62,98,46
127,83,89
127,-11,125
127,-128,24
127,-128,-10
65,-72,25
47,-53,25
-16,-42,-17
-63,-40,-47
-61,-35,-50
-48,-37,-42
-26,-43,-36
-20,-54,-29
-50,-77,-9
77,-105,45
127,-128,127
127,-126,109
75,18,67
33,55,50
-11,23,24
5,26,11
1,20,7
-4,25,3
-4,31,5
-5,41,12
11,48,14
18,53,21
107,56,49
127,59,87
127,-65,85
127,-128,9
81,-73,15
47,-51,39
42,-44,23
-31,-46,-22
-66,-48,-56
-71,-28,-64
-21,-32,-45
1,-37,-26
-28,-47,-26
-29,-118,70
127,-128,127
127,-111,79
90,-37,73
60,42,60
20,8,50
-12,23,21
-5,12,7
-6,13,3
1,26,5
3,32,8
13,56,8
47,57,22
83,62,31
127,48,112
127,-54,91
127,-128,12
48,-69,27
58,-59,37
-1,-39,-5
-31,-37,-25
-51,-31,-33
-53,-31,-36
-34,-32,-33
-1,-46,-20
-3,-50,-17
50,-77,81
127,-128,127
127,-128,116
86,30,82
87,31,63
-18,20,18
-23,30,6
-14,18,0
-8,32,0
-2,41,6
7,58,14
5,63,21
-42,47,38
127,53,110
127,33,127
127,-128,38
127,-105,25
102,-97,40
20,-66,2
-29,-57,-27
-56,-55,-49
-65,-46,-55
-76,-37,-67
-39,-38,-55
-41,-35,-46
-85,-41,-71
-57,-59,-29
127,-128,97
127,-128,118
127,-32,83
-5,72,31
-51,39,25
0,24,13
2,21,9
-2,24,4
-5,43,-4
-5,54,-5
18,58,3
33,60,11
123,58,37
127,25,106
127,-114,56
127,-128,-12
56,-66,6
49,-64,31
-2,-45,-4
-37,-47,-22
-76,-42,-36
-80,-26,-36
-30,-44,-30
-13,-60,-29
-32,-58,0
127,-128,52
127,-128,127
127,-54,103
127,-34,45
-20,24,10
2,18,21
17,15,24
1,19,7
-10,23,3
-8,42,7
15,41,14
18,45,14
39,52,26
90,47,49
127,59,105
127,-109,69
127,-128,17
69,-62,22
52,-64,34
11,-57,3
-60,-51,-36
-68,-45,-50
-52,-41,-51
-30,-37,-35
-15,-44,-28
-18,-47,-24
20,-80,45
127,-128,127
127,-128,127
106,5,79
44,49,58
-10,13,34
-3,12,18
-6,13,5
-11,34,-5
-12,49,-2
-1,76,8
35,73,24
79,57,38
127,61,99
127,17,108
127,-128,44
69,-71,15
52,-54,26
24,-28,24
2,-27,9
-35,-32,-20
-45,-27,-42
-45,-28,-45
-8,-39,-30
-7,-43,-31
-24,-50,-25
-25,-67,20
127,-128,127
127,-108,100
127,-50,80
60,41,63
20,15,44
-13,33,12
2,22,16
12,29,23
2,45,12
6,51,10
10,48,8
49,42,27
88,46,31
127,53,78
127,-14,76
127,-128,-12
24,-67,18
28,-59,23
10,-43,5
-2,-30,-6
-42,-23,-20
-58,-30,-45
-47,-29,-47
-11,-45,-30
-14,-52,-17
8,-59,44
127,-105,75
127,-128,127
114,-39,78
51,21,59
18,18,40
2,9,29
-12,20,16
-12,26,5
-8,40,7
11,54,22
22,53,19
32,64,16
116,47,35
127,67,54
127,-47,77
127,-128,20
55,-75,8
16,-56,19
32,-52,19
-25,-47,-8
-50,-46,-21
-75,-38,-48
-57,-37,-45
-7,-47,-24
-22,-57,-20
-32,-61,-5
127,-128,77
127,-128,108
127,-80,77
53,35,42
35,31,36
-12,18,14
-11,25,9
-13,24,4
-11,50,6
-7,58,9
2,57,15
14,52,22
56,42,42
127,55,123
127,-5,109
127,-128,7
121,-98,7
62,-73,26
56,-55,23
-9,-34,-10
-43,-33,-23
-57,-34,-35
-47,-38,-63
-22,-45,-54
-19,-44,-27
-44,-54,-39
40,-64,17
127,-128,127
127,-128,96
69,-7,43
27,41,46
2,14,30
-7,23,10
-11,19,6
-6,20,4
-9,35,3
-4,42,5
8,53,8
17,63,10
42,62,13
127,73,86
127,40,115
127,-128,22
127,-128,15
48,-51,38
50,-58,33
-8,-45,2
-44,-52,-22
-57,-45,-31
-51,-28,-40
-26,-35,-33
-19,-44,-18
8,-64,25
127,-123,96
127,-128,117
127,-72,69
66,43,60
7,20,29
-6,26,16
-7,23,12
-9,23,10
-7,31,4
-3,44,9
-3,51,8
28,64,24
62,63,42
127,62,81
127,13,96
127,-97,56
115,-118,9
58,-49,27
37,-48,13
10,-53,-11
-63,-48,-58
-65,-22,-65
-34,-30,-37
-12,-61,-18
-33,-59,-21
95,-89,53
127,-128,127
127,-128,64
90,39,57
60,62,56
-15,22,20
-14,24,3
-8,21,2
6,31,5
6,39,9
18,55,13
36,58,22
42,51,31
111,40,53
127,49,81
127,-52,91
127,-128,41
76,-85,2
51,-68,25
38,-61,14
-34,-59,-28
-55,-55,-39
-63,-31,-47
-39,-36,-34
-28,-41,-30
-31,-45,-25
-45,-38,-25
127,-128,127
127,-128,100
112,-82,68
80,55,68
46,30,47
-12,30,15
-14,22,10
-12,16,8
-10,28,4
0,35,9
10,45,18
15,60,20
41,63,29
127,55,74
127,48,90
127,-5,106
127,-124,59
102,-96,3
40,-32,23
40,-58,5
-35,-72,-38
-56,-75,-51
-57,-54,-58
-14,-55,-25
-15,-47,-17
-42,-47,-11
6,-56,41
127,-128,127
127,-85,55
88,1,61
59,36,48
16,3,26
-26,30,0
-17,19,6
-11,27,12
-3,36,22
2,40,26
14,41,36
23,43,45
113,62,61
127,34,96
127,-62,67
127,-128,-12
103,-71,6
54,-58,24
9,-53,1
-15,-45,-8
-52,-46,-25
-60,-31,-32
-42,-29,-30
-19,-36,-19
-23,-42,-18
-9,-73,36
81,-117,78
127,-128,119
127,-52,75
127,2,70
33,26,39
0,9,19
-15,23,3
0,27,10
6,30,13
11,46,11
19,62,11
27,70,17
44,60,25
127,73,58
127,1,102
127,-128,51
117,-113,5
55,-74,21
50,-65,22
-32,-46,-12
-53,-44,-22
-66,-30,-30
-60,-24,-33
-19,-43,-25
-13,-52,-26
-28,-54,-17
127,-128,108
127,-128,127
127,-80,64
69,50,70
55,36,57
-11,19,23
-17,28,14
-5,14,14
-7,18,5
-13,29,3
11,52,15
21,56,15
28,65,12
83,75,29
127,56,122
127,-128,33
127,-128,8
40,-65,30
47,-72,31
0,-59,-5
-58,-42,-18
-68,-39,-23
-48,-32,-28
-27,-32,-24
-15,-40,-17
-36,-53,-24
38,-57,30
127,-128,127
127,-128,99
55,-19,41
52,52,45
35,11,34
-6,35,6
-8,34,8
-2,23,25
5,23,27
11,35,26
16,52,37
28,55,36
90,58,37
127,72,75
127,-80,60
127,-128,-11
65,-75,14
69,-78,28
45,-59,14
-28,-36,-21
-55,-37,-37
-69,-31,-50
-44,-20,-50
-18,-29,-33
-24,-38,1
127,-66,81
127,-128,127
127,-109,74
127,-59,61
36,47,46
-7,19,18
-12,26,9
-7,25,11
-4,26,12
4,43,22
9,47,24
29,41,32
95,50,45
127,66,80
127,-102,84
127,-128,30
53,-84,20
40,-68,27
28,-60,18
-29,-51,-10
-54,-48,-21
-73,-32,-33
-42,-34,-29
-22,-41,-20
-14,-35,-6
-15,-46,-7
97,-101,60
127,-128,84
127,-128,89
120,-24,63
41,27,42
5,13,24
9,9,27
-1,24,34
-11,48,20
-10,61,22
-6,47,25
1,57,26
109,69,52
127,29,98
127,-103,56
127,-128,16
77,-99,12
39,-80,9
-20,-46,-1
-44,-39,-5
-53,-27,-30
-57,-31,-39
-41,-21,-27
-13,-31,-16
-13,-33,-10
7,-52,5
127,-113,68
127,-128,120
80,-47,43
74,15,59
55,33,55
21,15,38
-26,25,13
-16,21,17
7,16,32
5,30,27
4,38,26
20,35,28
21,30,27
66,38,29
127,55,70
127,-5,79
127,-128,7
108,-82,1
55,-43,15
43,-43,11
18,-62,-8
-50,-102,-37
-81,-64,-47
-47,-28,-22
-25,-53,3
-31,-51,2
48,-60,37
127,-128,119
127,-128,122
103,-14,53
72,45,49
35,20,34
2,23,23
-20,27,11
-25,21,6
-14,34,9
-6,51,18
2,58,22
28,52,27
73,47,36
127,72,85
127,-48,62
127,-128,22
73,-53,-1
59,-38,9
40,-60,5
-39,-46,-17
-56,-40,-26
-62,-29,-33
-53,-30,-26
-21,-45,-11
-18,-60,-6
16,-68,24
127,-128,127
127,-128,127
103,-33,58
38,44,47
12,15,34
-20,35,25
-10,27,25
0,15,14
-2,24,6
-3,53,10
13,45,19
26,43,21
102,36,38
127,58,67
127,-24,80
127,-128,14
90,-91,8
41,-58,25
40,-58,21
-8,-51,-3
-49,-38,-16
-59,-31,-25
-51,-18,-24
-33,-20,-22
-20,-33,-17
17,-67,31
127,-121,61
127,-128,80
127,-110,55
96,13,64
68,50,60
7,-1,16
-20,23,9
-12,22,13
-6,22,9
-4,30,7
-2,53,9
16,72,14
38,71,17
127,71,37
127,68,65
127,-98,52
127,-112,-2
78,-58,9
60,-35,36
64,-34,29
4,-47,-10
-54,-49,-39
-70,-42,-51
-46,-20,-52
-3,-32,-29
-6,-48,15
0,-54,33
127,-128,127
127,-95,115
127,-32,82
35,61,58
19,39,38
7,23,22
28,19,13
7,17,2
-8,55,1
-5,57,4
28,62,14
89,50,26
121,42,35
127,66,55
127,49,59
127,-91,24
94,-72,12
66,-33,18
46,-45,14
18,-57,3
-40,-48,-17
-68,-32,-31
-65,-21,-24
-19,-39,-4
-15,-54,-3
-3,-73,22
124,-123,58
127,-128,127
127,-28,44
93,34,43
49,42,38
21,17,27
-20,31,16
-1,16,18
4,20,15
4,35,14
-1,45,16
15,44,17
66,40,23
90,70,29
127,72,66
127,-52,34
127,-128,-7
62,-48,13
56,-62,14
8,-61,-3
-24,-60,-13
-74,-56,-34
-61,-26,-53
-26,-29,-33
-6,-36,-4
-13,-39,1
127,-62,73
127,-128,107
127,-128,127
113,-45,70
46,19,60
18,10,33
-5,-6,20
-12,21,6
-11,29,-1
-2,49,1
6,69,5
10,75,3
43,62,12
99,76,33
127,96,63
127,-35,59
127,-128,28
81,-77,10
39,-52,19
38,-52,15
-16,-47,-10
-38,-49,-17
-77,-37,-31
-46,-32,-33
-18,-46,-20
-16,-58,-7
2,-56,22
127,-128,107
127,-128,127
127,-41,80
33,40,78
-45,42,39
-19,23,20
-10,13,5
-26,19,-9
-30,54,-22
-16,74,-20
61,57,4
108,59,28
127,54,32
127,44,45
127,-11,46
127,-128,14
102,-76,16
52,-42,23
30,-50,12
-9,-46,-3
-51,-38,-14
-59,-35,-19
-46,-26,-17
-25,-31,-13
-1,-52,3
127,-108,35
127,-128,74
127,-101,45
127,-46,52
84,36,52
8,11,13
-14,17,-2
-7,14,6
-7,15,12
1,26,14
18,50,19
19,54,18
10,77,3
28,87,-4
127,86,40
127,-103,17
127,-128,-17
52,-70,9
48,-81,16
34,-75,18
10,-69,13
-37,-56,1
-64,-40,-7
-67,-32,-17
-29,-33,-20
-15,-43,-13
-25,-51,5
127,-128,72
127,-128,127
106,-121,36
83,-47,44
80,28,48
-19,18,1
-22,25,-3
3,17,14
12,24,21
17,37,10
34,76,17
43,83,21
40,77,17
49,73,12
127,44,64
127,-128,9
116,-128,-21
54,-74,8
47,-75,16
36,-64,7
-39,-47,-7
-61,-36,-7
-72,-20,-14
-53,-15,-20
-8,-32,-10
-17,-41,-8
90,-52,34
127,-128,127
127,-128,94
93,-31,61
70,27,69
43,5,39
-10,21,10
-5,24,13
6,12,18
5,18,14
13,64,10
38,81,14
41,63,9
85,71,24
127,76,55
127,31,86
127,-128,34
127,-128,26
43,-47,19
51,-52,17
5,-54,1
-33,-46,-7
-68,-37,-17
-42,-41,-14
-22,-44,-8
-19,-43,-1
-7,-48,14
83,-78,54
127,-128,127
127,-128,112
123,-43,83
78,5,73
36,15,35
7,24,20
6,33,29
2,39,31
-4,44,26
-2,48,31
37,56,43
58,55,35
127,47,45
127,30,68
127,-77,48
127,-128,6
105,-121,11
52,-84,23
48,-67,17
3,-47,5
-38,-40,-5
-65,-32,-11
-52,-19,-17
-43,-28,-11
-41,-46,-11
-40,-55,-15
105,-128,77
127,-128,88
59,-128,15
123,0,30
65,52,32
19,35,18
-30,30,15
-25,25,16
-19,37,13
-6,50,25
42,40,47
48,35,46
76,30,58
127,2,98
127,-20,101
127,-116,55
127,-128,32
105,-88,-5
30,-40,4
10,-30,-4
-22,-58,-35
-40,-62,-46
-58,-37,-51
-49,-47,-28
-32,-58,-21
-27,-77,-5
12,-110,36
127,-128,127
125,-90,69
105,-11,67
48,27,29
17,15,19
-7,24,18
-6,9,7
-8,15,7
-9,37,16
3,50,18
21,48,18
32,47,27
125,36,56
127,19,89
127,-8,72
127,-128,26
127,-128,-1
37,-54,2
18,-46,-1
-10,-47,-13
-70,-45,-33
-73,-30,-39
-48,-29,-23
-31,-30,-8
-24,-33,-5
-23,-67,16
47,-128,57
127,-128,127
127,-69,67
118,3,55
24,63,25
-10,43,16
-12,36,19
-15,28,20
-15,32,12
-1,47,26
11,46,35
61,40,46
114,23,63
127,18,83
127,-31,79
127,-91,58
116,-94,-7
84,-56,-9
54,-35,22
6,-42,-4
-31,-42,-27
-59,-35,-41
-62,-20,-38
-48,-28,-17
-29,-55,-1
-27,-74,-1
127,-128,81
127,-128,127
127,-78,56
99,23,35
41,34,23
-25,34,24
-36,34,22
-11,38,8
-10,60,4
-11,58,6
5,62,9
24,69,15
91,52,43
127,46,80
127,-24,94
127,-128,23
102,-92,7
56,-73,5
33,-58,2
-6,-44,-16
-55,-44,-29
-67,-27,-27
-51,-14,-22
-38,-22,-14
24,-39,9
23,-63,14
127,-105,26
127,-128,-4
127,-108,12
123,4,35
-23,23,14
-16,35,14
-4,21,10
3,16,8
0,29,11
1,41,17
14,51,19
57,50,38
96,48,55
127,32,80
127,11,71
127,-89,38
108,-71,-2
74,-44,5
44,-43,10
26,-44,5
-32,-46,-13
-60,-32,-28
-66,-23,-28
-37,-32,-15
-21,-46,-6
-15,-73,-3
127,-128,51
127,-128,117
127,-95,33
127,-14,49
53,58,32
-25,44,6
-28,40,6
-10,23,18
-10,26,15
-18,50,17
-11,49,24
33,44,38
89,36,55
127,33,74
127,4,95
127,-54,70
127,-128,11
57,-66,-9
43,-56,3
10,-57,-2
-30,-51,-17
-73,-29,-46
-59,-23,-38
-41,-25,-23
-20,-31,0
-16,-46,-1
-7,-101,24
127,-128,127
127,-128,56
112,-31,59
81,16,40
16,43,23
-1,27,18
-1,24,18
-6,26,10
-8,38,6
4,48,17
22,43,25
62,43,40
127,31,73
127,15,93
127,-108,70
127,-128,41
85,-82,-9
28,-41,9
18,-32,1
-22,-38,-25
-49,-35,-37
-57,-23,-49
-41,-27,-38
-23,-30,-20
-19,-57,-15
-27,-84,-12
127,-128,90
127,-128,55
127,-60,64
69,53,44
26,43,24
-18,37,11
-11,26,9
-15,25,5
-14,47,2
-6,59,9
23,58,29
59,47,39
119,35,55
127,24,99
127,-39,87
127,-128,27
104,-79,8
54,-54,6
21,-44,0
-5,-45,-12
-52,-39,-35
-57,-33,-38
-53,-24,-28
-14,-42,-2
-11,-51,5
13,-85,34
127,-128,90
127,-128,109
-17,-5,89
92,16,75
16,51,28
-14,55,16
-30,30,-1
-13,29,-1
16,57,4
42,68,20
39,51,21
51,37,35
78,33,45
127,40,80
127,0,85
127,-100,52
90,-92,-6
56,-35,4
42,-53,4
-14,-43,-12
-47,-41,-23
-55,-37,-35
-51,-32,-33
-28,-38,-10
-16,-56,-2
-20,-72,-5
127,-128,73
127,-128,127
127,-93,43
127,-10,56
46,62,31
-18,40,9
-19,40,9
-9,29,15
-12,31,10
-15,48,10
0,44,23
17,44,30
78,32,37
126,31,50
127,50,86
127,-87,45
127,-125,8
68,-37,0
59,-32,9
30,-39,3
-27,-44,-20
-39,-46,-25
-66,-26,-33
-56,-24,-29
-18,-46,-5
-25,-68,-1
27,-86,32
127,-128,127
127,-128,69
127,2,41
110,53,52
22,29,30
-27,30,14
-12,22,10
-16,24,-6
-17,43,-5
7,66,11
47,67,28
72,58,31
127,43,54
127,41,90
127,-7,82
127,-124,16
84,-94,-5
48,-27,9
54,-51,8
-2,-63,-4
-78,-45,-39
-82,-37,-46
-44,-41,-29
-23,-44,-10
-11,-62,-5
90,-128,43
127,-128,101
127,-128,39
127,-49,42
79,57,53
38,40,39
-19,35,20
-8,19,13
-2,16,7
-11,44,-1
-6,57,5
34,53,20
78,50,37
89,46,39
127,37,73
127,13,68
127,-93,41
98,-86,-9
63,-50,-2
36,-41,9
24,-44,3
-37,-42,-26
-72,-32,-43
-63,-31,-40
-22,-42,-12
-14,-48,5
-4,-97,19
127,-128,127
127,-128,127
-22,4,80
90,-9,65
15,84,19
-10,77,11
9,30,7
0,38,-2
-7,46,-4
-15,51,11
-16,49,15
56,48,56
127,35,92
127,50,105
127,-32,76
127,-82,46
126,-42,6
61,-39,3
38,-32,0
-8,-44,-10
-23,-51,-21
-46,-46,-34
-45,-18,-32
-28,-33,-22
-18,-58,-4
-26,-69,-10
127,-128,103
127,-128,127
113,-67,43
103,53,56
54,54,57
-5,32,34
-12,31,23
-7,18,4
-11,45,-2
-6,59,6
26,53,21
53,51,27
71,41,35
127,36,57
127,41,65
127,-9,55
127,-62,38
102,-68,-2
46,-42,4
39,-48,3
-4,-61,-16
-39,-58,-27
-67,-32,-26
-57,-25,-22
-21,-44,-6
-14,-55,7
-16,-74,6
127,-128,102
127,-128,127
127,-47,46
53,53,40
-2,52,19
-32,34,11
-25,28,12
-9,24,4
-10,41,2
-11,51,5
1,54,10
17,59,18
90,38,44
127,52,90
127,26,87
127,-93,50
127,-96,12
79,-39,0
51,-29,7
35,-31,0
-31,-38,-21
-46,-46,-30
-51,-38,-41
-43,-38,-38
-18,-48,-6
-29,-72,-9
9,-91,13
127,-128,127
127,-128,75
127,3,21
55,52,47
11,24,37
-29,33,22
-8,24,18
-8,33,2
-1,62,10
16,63,19
40,51,32
62,47,37
127,34,52
127,12,95
127,-35,74
127,-115,24
99,-85,2
46,-44,3
18,-57,-3
-14,-60,-20
-66,-38,-47
-73,-24,-49
-38,-22,-30
-19,-30,-15
-12,-43,-2
22,-83,29
127,-128,82
127,-128,71
119,-88,43
85,35,57
1,26,19
-9,35,8
-5,32,7
-4,29,6
-8,49,-1
9,51,10
30,43,17
54,35,24
60,28,24
127,31,47
127,3,85
127,-56,75
127,-119,17
73,-75,11
28,-35,19
9,-55,-5
-25,-55,-23
-66,-36,-38
-61,-21,-39
-34,-29,-23
-27,-27,-9
-24,-48,-5
40,-92,34
127,-128,92
127,-128,54
127,-55,55
63,66,49
-11,30,13
-20,38,7
-5,30,11
-2,29,14
-3,38,10
5,55,22
25,56,35
100,29,53
108,22,47
127,38,75
127,-75,66
127,-128,35
66,-45,-1
48,-33,6
44,-32,15
32,-34,6
-23,-40,-19
-58,-33,-31
-56,-17,-33
-21,-31,-15
-9,-40,2
-24,-67,3
127,-128,57
127,-128,124
124,-109,42
127,-40,36
85,50,47
-4,35,28
-24,40,19
-14,37,6
-10,41,0
-1,62,5
32,45,29
54,38,43
97,26,43
127,33,59
127,8,87
127,-96,40
103,-98,12
37,-38,-9
31,-28,0
41,-47,3
10,-57,-13
-54,-41,-37
-46,-24,-30
-31,-29,-16
-7,-45,3
-14,-53,-3
57,-104,18
127,-128,125
127,-128,45
127,9,44
91,59,44
-17,47,25
-13,35,21
-8,26,14
6,25,7
7,31,9
10,39,16
36,35,22
49,30,33
97,40,42
127,49,57
127,2,61
127,-109,6
115,-82,-19
61,-34,7
43,-37,11
5,-40,-6
-23,-41,-16
-54,-47,-22
-54,-27,-30
-34,-35,-26
-5,-45,4
-15,-56,5
124,-121,54
127,-128,116
127,-102,43
127,44,47
78,63,47
1,23,18
-17,31,10
-9,26,11
-11,38,5
-9,55,9
16,53,26
60,50,32
98,47,38
127,57,69
127,28,58
127,-93,24
116,-108,-8
54,-40,-2
32,-56,-1
7,-55,-9
-56,-42,-24
-56,-36,-33
-36,-38,-31
-23,-49,-5
-18,-52,-2
-8,-72,5
50,-100,47
127,-128,127
127,-95,54
127,-28,63
56,42,43
22,29,28
-12,27,21
-23,27,25
-26,36,16
5,52,27
6,40,34
21,48,38
123,55,54
127,48,75
127,-21,60
127,-84,44
101,-94,-22
71,-71,-11
31,-56,2
-4,-45,-4
-31,-41,-12
-50,-35,-22
-42,-30,-24
-29,-34,-10
-11,-44,8
-12,-59,8
127,-128,63
127,-128,127
127,-117,51
95,16,48
42,74,47
11,35,21
8,29,20
9,27,21
0,25,18
-5,33,20
1,34,23
8,33,20
46,50,41
127,63,98
127,38,82
127,-100,24
105,-76,5
68,-31,-3
55,-38,1
16,-44,-5
-35,-45,-17
-40,-43,-18
-49,-30,-16
-35,-26,-13
-17,-53,-5
-38,-96,-5
93,-128,-3
127,-128,127
127,-123,88
61,-7,11
-4,49,4
-1,50,15
-4,32,15
2,30,9
13,40,5
13,59,2
26,56,12
56,44,33
59,43,36
127,47,43
127,56,53
127,-15,49
127,-128,-7
87,-78,-14
40,-48,5
27,-59,1
-32,-54,-14
-60,-43,-30
-58,-35,-33
-30,-32,-16
-14,-38,-3
-13,-53,4
64,-99,37
127,-128,91
127,-128,69
127,-70,40
97,59,59
32,21,32
-10,19,16
-17,27,13
-6,20,13
0,25,12
-1,37,16
9,42,19
36,36,27
62,29,29
127,34,63
127,21,92
127,-128,71
87,-93,8
58,-55,7
45,-38,20
47,-30,18
-4,-30,-7
-52,-28,-28
-57,-23,-32
-29,-17,-25
-14,-20,-19
-16,-24,-5
54,-53,57
127,-128,92
127,-128,71
127,-70,45
85,9,81
-14,18,50
-30,6,29
-11,20,9
-7,20,4
-7,25,2
-9,37,1
10,54,14
85,33,38
127,25,45
127,21,76
127,-2,78
127,-98,44
81,-79,14
64,-61,11
47,-43,16
25,-43,3
-37,-30,-22
-49,-16,-27
-44,-11,-27
-19,-14,-21
-8,-23,-8
9,-53,25
127,-128,119
127,-128,115
127,-46,57
111,7,70
58,34,55
-18,16,13
-18,25,10
2,16,12
1,16,10
1,36,5
31,42,15
43,31,18
54,35,15
89,49,26
127,19,51
127,-21,61
127,-105,33
67,-56,13
46,-41,20
31,-40,15
18,-41,9
-17,-37,1
-34,-28,-6
-41,-19,-10
-23,-22,-14
-11,-26,-7
-11,-38,2
75,-64,46
127,-128,99
127,-128,82
127,-66,63
70,31,61
35,10,34
10,9,20
0,22,11
-3,20,13
3,27,21
9,34,22
21,33,23
44,24,23
88,37,46
127,-10,85
127,-92,71
95,-104,49
75,-63,28
74,-55,34
42,-40,21
16,-36,3
-22,-25,-9
-28,-20,-13
-27,-14,-22
-22,-15,-21
-16,-23,-15
-12,-39,-3
106,-74,68
127,-128,107
127,-104,100
127,-69,64
68,20,65
39,24,57
2,3,18
-14,21,8
-12,20,12
0,19,17
7,20,16
13,27,13
60,37,9
89,24,20
127,-128,-44
127,-128,-49
51,-124,41
80,-84,50
35,-60,50
-19,11,62
-30,36,57
-15,63,56
28,0,54
40,-15,43
37,-60,8
36,-87,-18
37,-128,-60
-24,-128,-91
-66,-119,-102
-9,-128,-49
4,-128,-30
18,-128,-35
74,-128,-21
-12,-128,-66
-60,-106,18
35,-117,15
127,-19,65
127,-19,62
23,16,59
27,46,48
52,32,50
46,21,71
73,-4,127
36,-102,-6
78,-128,94
44,-128,86
35,-128,47
49,-128,3
39,-105,-29
12,-62,-18
-4,-44,-6
-47,-21,-29
-51,-11,-46
-46,-12,-54
-41,-18,-53
-19,-38,-37
7,-49,16
86,-84,65
127,-128,127
96,-128,87
116,-51,72
92,18,56
66,10,34
23,25,0
21,34,5
41,43,12
26,72,-1
19,74,4
18,59,12
20,55,12
51,50,15
127,5,106
127,-71,108
127,-128,39
116,-128,26
55,-97,24
-10,-46,-2
-14,-30,-6
-33,-50,-5
-52,-56,-12
-71,-17,-44
-53,-17,-36
-21,-56,-9
-13,-76,9
68,-127,48
127,-128,127
127,-128,75
119,-8,54
13,56,28
-7,27,15
-29,20,13
-18,18,17
7,10,19
3,23,16
9,33,22
22,28,32
31,22,35
88,10,54
127,20,109
127,-24,106
127,-128,50
113,-87,28
54,-45,22
28,-44,10
3,-44,-8
-40,-28,-35
-45,-16,-40
-47,-7,-38
-30,-21,-33
-9,-40,-19
-16,-53,28
65,-91,81
127,-128,127
127,-104,108
92,5,83
18,14,39
-5,13,26
-13,20,18
-7,17,18
-1,22,10
7,36,10
13,41,15
26,39,21
38,38,27
111,27,61
127,19,78
127,-35,74
127,-128,26
108,-76,18
55,-50,20
17,-48,4
-19,-42,-11
-46,-24,-25
-49,-21,-27
-46,-15,-27
-29,-23,-21
-8,-46,-7
63,-78,53
127,-128,111
127,-119,82
127,-55,64
81,39,65
12,27,42
-9,22,30
11,23,20
16,18,17
5,23,11
0,38,11
7,35,14
29,30,27
79,37,43
127,13,98
127,-127,68
127,-125,39
73,-44,29
68,-44,36
46,-38,22
20,-38,6
-33,-33,-10
-29,-33,-11
-36,-25,-17
-26,-22,-21
-12,-36,-13
9,-48,28
127,-128,112
127,-128,127
127,-72,79
100,-28,72
43,26,48
2,16,17
-10,22,7
4,23,12
8,16,10
-4,31,6
10,34,18
21,29,20
38,29,23
63,32,35
127,42,103
127,13,112
127,-128,65
74,-56,37
54,-37,41
44,-53,24
10,-52,6
-44,-32,-17
-51,-18,-28
-44,-11,-29
-11,-21,-15
-6,-26,-9
3,-34,20
127,-122,113
127,-128,127
127,-78,84
109,-31,76
55,28,65
15,7,32
-8,14,18
-9,18,9
-5,15,11
4,20,17
18,25,23
25,24,21
69,36,7
115,47,31
127,-26,118
127,-108,104
125,-109,60
40,-64,51
33,-52,45
28,-41,19
0,-38,9
-24,-24,4
-25,-27,-3
-17,-22,0
5,-34,7
-3,-49,2
96,-65,48
46,-128,90
-9,-116,106
72,-104,65
73,-74,62
33,-3,53
10,6,29
-1,8,23
-4,11,18
11,7,32
30,2,61
31,-7,68
33,-29,66
20,-34,67
28,-20,73
48,-5,96
76,-39,127
62,-53,118
41,-41,94
39,-41,80
14,-25,49
12,-23,40
11,-27,32
11,-25,21
7,-22,23
-2,-10,23
-5,-3,30
-14,-6,39
-26,-5,54
-30,-10,69
-40,-15,63
-43,-16,59
-34,-22,68
-18,-23,78
-30,-21,80
-22,-30,70
-21,-30,67
-22,-16,54
-26,-17,47
-19,-17,48
